Row;Column;BRISONr;Year;Location;Subtrial;Treatment;Block;Sowing_date;Emergence_date;BBCH59;BBCH87;Plantheight;Seedyield;Seedyield_bio;Biomass_bio;TKW_plot;TKW_bio;Spike_number;Stripe_rust;Powdery_mildew;Leaf_rust;Septoria;DTR;Fusarium;Falling_number;Crude_protein;Sedimentation
1;2;BRISONr_31;2019;HAN;1;LN_NF;1;302;NA;161;193;53.5;45.84;642.13;1247.83;38.54;39.33;449.78;30;0;0;25;10;0;NA;8.39219101123595;15
1;3;BRISONr_166;2019;HAN;1;LN_NF;1;302;NA;156;193;71.5;44.52;710.49;1617.69;39.30;44.66;509.75;10;1;2.5;20;10;0;NA;8.29813137032843;12
1;4;BRISONr_118;2019;HAN;1;LN_NF;1;302;NA;156;196;69.5;50.36;601.20;1255.77;38.74;39.07;479.76;5;0;0;15;12.5;0;NA;7.60874006810443;18
1;5;BRISONr_143;2019;HAN;1;LN_NF;1;302;NA;156;190;70;48.60;661.77;1379.76;42.01;41.47;449.78;5;0;0;17.5;10;1;NA;8.39019384264538;20
2;5;BRISONr_227;2019;HAN;1;LN_NF;1;302;NA;155;196;59.75;55.59;694.60;1283.21;36.03;38.69;419.79;5;1;0;7.5;10;0;NA;7.10644796380091;17
2;4;BRISONr_223;2019;HAN;1;LN_NF;1;302;NA;156;196;67.25;51.86;684.71;1350.67;36.86;40.54;494.75;30;1;10;30;7.5;0;NA;7.0563986409966;12
2;3;BRISONr_124;2019;HAN;1;LN_NF;1;302;NA;156;190;64.25;41.21;624.59;1450.07;32.80;38.55;479.76;5;0;0.5;20;15;0;NA;7.76693181818182;17
2;2;BRISONr_59;2019;HAN;1;LN_NF;1;302;NA;156;196;62.75;48.29;804.50;1571.51;37.92;41.79;464.77;30;0;8;15;10;0;NA;8.23772421524664;17
3;2;BRISONr_126;2019;HAN;1;LN_NF;1;302;NA;155;190;65.75;46.39;614.39;1268.52;36.46;40.54;449.78;2.5;0;0;7.5;5;0;NA;8.80159453302961;16
3;3;BRISONr_56;2019;HAN;1;LN_NF;1;302;NA;156;190;62.25;49.92;808.10;1607.95;34.13;36.70;569.72;5;0;2.5;5;5;0;NA;8.01447811447811;20
3;4;BRISONr_26;2019;HAN;1;LN_NF;1;302;NA;156;196;71.25;46.08;714.84;1498.50;44.39;47.32;494.75;0;0;0;5;5;0;NA;8.01189402480271;17
3;5;BRISONr_222;2019;HAN;1;LN_NF;1;302;NA;156;196;57.5;54.26;627.44;1244.38;39.47;41.34;404.80;0;0;2.5;5;5;0;NA;7.51593220338983;22
4;5;BRISONr_47;2019;HAN;1;LN_NF;1;302;NA;156;196;65;53.00;629.09;1278.56;38.23;39.57;359.82;0;0;2.5;7.5;5;0;NA;7.80050505050505;20
4;4;BRISONr_169;2019;HAN;1;LN_NF;1;302;NA;156;190;76;45.55;567.32;1152.32;36.00;37.48;374.81;2.5;0;5;15;10;0;NA;8.26351809954751;13
4;3;BRISONr_138;2019;HAN;1;LN_NF;1;302;NA;156;190;68;44.43;602.25;1350.82;36.94;40.70;449.78;2.5;0;2.5;15;7.5;0;NA;9.26420454545454;26
4;2;BRISONr_164;2019;HAN;1;LN_NF;1;302;NA;156;193;67.5;45.96;656.22;1360.12;36.69;38.06;479.76;15;0;2.5;10;10;0;NA;9.28028248587571;20
5;2;BRISONr_104;2019;HAN;1;LN_NF;1;302;NA;156;196;63.75;49.54;621.89;1165.97;38.70;39.61;374.81;5;0;2.5;10;5;0;NA;8.3127539503386;16
5;3;BRISONr_224;2019;HAN;1;LN_NF;1;302;NA;156;196;62.5;49.50;472.71;933.73;39.85;40.16;314.84;2.5;0;5;7.5;5;0;NA;8.22750845546787;23
5;4;BRISONr_131;2019;HAN;1;LN_NF;1;302;NA;156;196;71.25;41.15;558.62;1279.61;43.66;41.92;389.81;5;0;2.5;10;5;0;NA;8.58881278538813;15
5;5;BRISONr_205;2019;HAN;1;LN_NF;1;302;NA;155;190;70;44.35;594.60;1252.47;33.52;35.72;419.79;2.5;0;5;15;7.5;0;NA;9.03829185520362;22
6;5;BRISONr_225;2019;HAN;1;LN_NF;1;302;NA;157;196;67.5;55.86;810.34;1622.49;38.68;41.05;509.75;2.5;1;15;5;5;0;NA;8.29020385050963;20
6;4;BRISONr_50;2019;HAN;1;LN_NF;1;302;NA;156;196;61.25;43.62;546.33;1196.10;38.03;39.71;389.81;10;1;5;10;7.5;0;NA;8.85782657657658;22
6;3;BRISONr_145;2019;HAN;1;LN_NF;1;302;NA;156;196;71.25;50.27;485.76;1011.24;39.61;42.04;299.85;5;1;10;10;5;0;NA;9.34875986471251;27
6;2;BRISONr_176;2019;HAN;1;LN_NF;1;302;NA;155;196;76.25;40.74;525.19;1130.43;41.12;44.02;314.84;5;1;5;15;7.5;0;NA;9.72511261261261;25
7;2;BRISONr_71;2019;HAN;1;LN_NF;1;302;NA;156;198;66.25;54.78;937.93;1829.99;39.47;41.29;689.66;2.5;0;7.5;7.5;5;0;NA;9.69238148984199;25
7;3;BRISONr_38;2019;HAN;1;LN_NF;1;302;NA;156;196;71.25;55.02;786.06;1422.64;34.90;36.28;614.69;2.5;0;15;10;5;0;NA;9.58810325476992;28
7;4;BRISONr_150;2019;HAN;1;LN_NF;1;302;NA;156;196;73.75;44.47;479.46;1111.99;37.39;40.58;389.81;7.5;0;5;15;10;0;NA;10.3528748590755;25
7;5;BRISONr_102;2019;HAN;1;LN_NF;1;302;NA;156;196;71.25;53.35;936.73;2024.44;40.25;38.50;644.68;2.5;0;2.5;7.5;5;0;NA;9.68629671574179;26
8;5;BRISONr_134;2019;HAN;1;LN_NF;1;302;NA;156;196;65;50.39;569.42;1142.73;38.02;39.08;404.80;7.5;0;2.5;10;7.5;0;NA;9.94495464852608;34
8;4;BRISONr_221;2019;HAN;1;LN_NF;1;302;NA;161;198;77.5;60.93;826.99;1621.59;39.89;38.64;554.72;2.5;0;2.5;5;2.5;0;NA;9.02457817772778;25
8;3;BRISONr_121;2019;HAN;1;LN_NF;1;302;NA;156;198;72.5;51.09;734.63;1509.60;35.37;36.37;479.76;0;0;2.5;10;5;0;NA;10.2361678004535;28
8;2;BRISONr_160;2019;HAN;1;LN_NF;1;302;NA;163;198;75;50.78;767.47;1487.26;40.58;42.87;419.79;0;0;0;2.5;5;0;NA;9.16099210822999;20
9;2;BRISONr_158;2019;HAN;1;LN_NF;1;302;NA;163;198;76.25;48.18;722.04;1603.90;34.41;35.93;494.75;2.5;0;0;45;10;0;NA;10.6051470588235;25
9;3;BRISONr_226;2019;HAN;1;LN_NF;1;302;NA;156;196;80;65.85;600.00;1178.71;34.44;35.45;359.82;2.5;0;0;12.5;7.5;0;NA;9.46069004524887;21
9;4;BRISONr_153;2019;HAN;1;LN_NF;1;302;NA;156;196;78.75;53.87;626.39;1273.91;37.10;37.74;419.79;7.5;0;0;12.5;5;0;NA;9.73534385569335;28
9;5;BRISONr_20;2019;HAN;1;LN_NF;1;302;NA;163;196;66.25;52.21;584.41;1282.61;35.23;35.86;434.78;2.5;0;0;12.5;5;0;NA;10.2767756482525;27
10;5;BRISONr_69;2019;HAN;1;LN_NF;1;302;NA;161;198;77.5;60.80;552.02;1132.38;37.12;37.96;404.80;0;0;2.5;12.5;5;0;NA;9.73142045454545;13
10;4;BRISONr_114;2019;HAN;1;LN_NF;1;302;NA;163;196;76.25;46.41;661.77;1535.23;37.84;35.90;464.77;5;0;5;22.5;5;0;NA;11.0718358038769;23
10;3;BRISONr_92;2019;HAN;1;LN_NF;1;302;NA;156;196;77.5;54.12;593.40;1311.99;33.85;31.01;509.75;3;1;3;25;3;0;NA;9.94841628959276;15
10;2;BRISONr_213;2019;HAN;1;LN_NF;1;302;NA;156;198;77.5;56.64;846.18;1814.54;39.02;38.50;689.66;5;1;5;10;5;0;NA;10.2232466063348;30
11;2;BRISONr_99;2019;HAN;1;LN_NF;1;302;NA;156;196;83.75;58.20;1062.67;2134.48;41.11;44.74;629.69;35;0;2.5;30;3;0;NA;10.0843148357871;25
11;3;BRISONr_228;2019;HAN;1;LN_NF;1;302;NA;156;198;77.5;62.58;828.34;1540.78;42.74;41.35;569.72;0;0;2.5;5;5;0;NA;9.51853741496599;24
11;4;BRISONr_96;2019;HAN;1;LN_NF;1;302;NA;156;196;71.25;55.61;728.49;1398.65;38.40;37.24;419.79;0;0;3;5;7.5;0;NA;10.0392575928009;30
11;5;BRISONr_54;2019;HAN;1;LN_NF;1;302;NA;161;196;76.25;59.33;755.77;1472.71;36.96;36.23;509.75;0;0;0.5;7.5;5;0;NA;9.56227477477477;25
12;5;BRISONr_207;2019;HAN;1;LN_NF;1;302;NA;153;190;71.25;45.08;630.43;1286.36;34.72;39.09;359.82;10;0;3;37.5;3;0;NA;9.16781674208145;28
12;4;BRISONr_110;2019;HAN;1;LN_NF;1;302;NA;156;196;77.5;46.24;647.68;1466.12;37.67;36.78;494.75;2.5;0;5;7.5;3;0;NA;9.71171171171171;24
12;3;BRISONr_162;2019;HAN;1;LN_NF;1;302;NA;161;196;67.5;44.76;566.42;1265.97;37.41;38.35;419.79;5;0;5;17.5;3;0;NA;9.11967305524239;21
12;2;BRISONr_27;2019;HAN;1;LN_NF;1;302;NA;156;196;70;47.55;806.60;1865.82;35.57;33.01;704.65;5;0;7.5;12.5;7.5;0;NA;8.57590293453725;12
13;2;BRISONr_188;2019;HAN;1;LN_NF;1;302;NA;156;196;68.75;44.13;886.81;1816.94;38.84;40.53;569.72;15;0;5;17.5;5;0;NA;9.95493197278912;28
13;3;BRISONr_135;2019;HAN;1;LN_NF;1;302;NA;156;196;72.5;44.95;468.82;1109.00;39.23;36.67;404.80;3;0;3;12.5;5;0;NA;10.5410227272727;32
13;4;BRISONr_80;2019;HAN;1;LN_NF;1;302;NA;156;198;72.5;56.71;703.00;1406.60;40.64;41.68;404.80;3;0;5;7.5;5;0;NA;8.8129840546697;12
13;5;BRISONr_67;2019;HAN;1;LN_NF;1;302;NA;157;198;70;57.49;869.87;1753.52;35.51;34.14;569.72;0.5;0;7.5;15;3;0;NA;8.64224235560589;14
1;7;BRISONr_121;2019;HAN;1;HN_WF;1;302;319;156;196;77.5;57.50;912.29;1913.79;32.35;35.19;629.69;0;0;0;1;0;0;NA;13.3214285714286;44
1;8;BRISONr_118;2019;HAN;1;HN_WF;1;302;320;156;190;76.25;54.84;507.35;1113.94;31.87;31.65;389.81;0;0;0;0;0.75;0;NA;14.6066969353008;46
1;9;BRISONr_59;2019;HAN;1;HN_WF;1;302;319;161;190;72.5;62.11;845.58;1694.90;33.95;37.83;569.72;0;0;0;0;0.25;0;NA;12.8587443946188;38
1;10;BRISONr_188;2019;HAN;1;HN_WF;1;302;319;156;198;73.75;60.92;817.54;1732.83;32.63;34.14;599.70;0;0;0;0;0.5;0;NA;13.2619047619048;57
2;10;BRISONr_126;2019;HAN;1;HN_WF;1;302;319;156;190;77.5;62.71;997.15;2180.36;35.53;34.17;704.65;0;0;0;0;0.75;0;NA;12.9589977220957;33
2;9;BRISONr_38;2019;HAN;1;HN_WF;1;302;319;156;190;76.25;71.19;1177.36;2202.55;35.39;36.32;704.65;0;0;0.5;0;0.25;0;NA;12.0157126823793;42
2;8;BRISONr_20;2019;HAN;1;HN_WF;1;302;320;156;190;68.75;60.18;663.72;1414.54;30.72;30.98;569.72;0;0;0;0.5;0.75;0;NA;14.445321307779;62
2;7;BRISONr_102;2019;HAN;1;HN_WF;1;302;319;156;196;77.5;60.18;1029.84;2182.16;37.11;37.27;704.65;0;0;0;0;0;0;NA;13.4037372593431;48
3;7;BRISONr_222;2019;HAN;1;HN_WF;1;302;318;156;196;72.5;65.91;786.51;1519.34;38.25;39.26;524.74;0;0;0;0;0;0;NA;11.8344632768362;48
3;8;BRISONr_213;2019;HAN;1;HN_WF;1;302;319;156;196;80;65.79;750.97;1553.37;40.31;39.58;524.74;0;0;0;0;0;0;NA;13.2941176470588;57
3;9;BRISONr_135;2019;HAN;1;HN_WF;1;302;318;156;190;78.75;60.55;756.52;1592.50;39.37;40.43;464.77;0;0;0.25;0.5;0;0;NA;13.7153409090909;66
3;10;BRISONr_176;2019;HAN;1;HN_WF;1;302;318;156;196;100;60.68;765.37;1662.22;42.45;44.62;479.76;0;1;0;0;0;0;NA;12.794481981982;52
4;10;BRISONr_26;2019;HAN;1;HN_WF;1;302;319;156;190;82.5;69.71;751.57;1448.28;42.42;41.76;494.75;0;0;0;0;0.25;0;NA;11.7959413754228;35
4;9;BRISONr_145;2019;HAN;1;HN_WF;1;302;318;161;196;77.5;62.29;780.21;1643.03;39.26;41.14;509.75;0;0;0;0.25;0.5;0;NA;12.4244644870349;46
4;8;BRISONr_223;2019;HAN;1;HN_WF;1;302;319;156;196;81.25;70.47;1001.35;1930.43;35.31;36.15;569.72;0;0;0;0;0;0;NA;11.7440543601359;31
4;7;BRISONr_224;2019;HAN;1;HN_WF;1;302;319;161;190;71.25;67.30;821.14;1540.93;39.14;40.90;434.78;0;0;0;0.5;0;0;NA;12.7266065388952;53
5;7;BRISONr_27;2019;HAN;1;HN_WF;1;302;319;156;198;72.5;62.53;865.22;1691.00;37.27;35.89;569.72;0;0;0;0;0;0;NA;12.3939051918736;25
5;8;BRISONr_143;2019;HAN;1;HN_WF;1;302;319;156;198;82.5;64.24;695.20;1401.05;41.15;40.42;479.76;0;0;0.75;0.25;0;0;NA;12.212086659065;44
5;9;BRISONr_226;2019;HAN;1;HN_WF;1;302;319;156;196;81.25;76.21;1090.55;2110.64;36.28;36.11;689.66;0;0;1;0;0;0;NA;11.7483031674208;30
5;10;BRISONr_228;2019;HAN;1;HN_WF;1;302;319;156;196;81.25;75.92;912.29;1631.78;44.44;45.77;569.72;0;0;0;0;0;0;NA;11.7125850340136;35
6;10;BRISONr_164;2019;HAN;1;HN_WF;1;302;318;156;198;82.5;70.21;880.81;1732.38;40.45;42.29;479.76;0;0;0;0;0;0;NA;12.590395480226;34
6;9;BRISONr_227;2019;HAN;1;HN_WF;1;302;318;161;200;75;89.00;1324.29;2357.87;37.84;39.83;704.65;0;0;0;0;0;0;NA;11.335407239819;28
6;8;BRISONr_80;2019;HAN;1;HN_WF;1;302;319;161;198;82.5;82.17;754.57;1400.60;44.75;43.33;449.78;0;1;0;0;0;0;NA;12.0478359908884;18
6;7;BRISONr_124;2019;HAN;1;HN_WF;1;302;318;161;196;72.5;68.62;1134.63;2129.39;37.40;40.81;659.67;0;0;0;0;0;0;NA;12.7846590909091;30
7;7;BRISONr_67;2019;HAN;1;HN_WF;1;302;318;156;200;81.25;82.36;888.01;1686.36;37.06;36.86;509.75;0;0;0.25;0;0;0;NA;11.2316534541336;24
7;8;BRISONr_96;2019;HAN;1;HN_WF;1;302;319;161;200;80;74.87;823.84;1498.65;41.77;43.00;389.81;0;0;0;0;0;0;NA;12.6704161979752;46
7;9;BRISONr_134;2019;HAN;1;HN_WF;1;302;319;156;196;76.25;68.84;1071.06;2039.73;39.78;44.31;569.72;0.25;0;0;0.75;0;0;NA;13.218253968254;60
7;10;BRISONr_162;2019;HAN;1;HN_WF;1;302;319;161;198;78.75;67.01;697.30;1536.43;41.65;41.37;509.75;0;0;0;0.25;0;0;NA;12.9588500563698;36
8;10;BRISONr_99;2019;HAN;1;HN_WF;1;302;319;156;196;92.5;75.38;1078.71;2187.41;47.97;46.01;629.69;0;0;0.5;0.5;0;0;NA;12.2904869762174;40
8;9;BRISONr_158;2019;HAN;1;HN_WF;1;302;318;163;198;91.25;65.68;790.85;1759.52;37.41;40.16;554.72;0;0;7.5;20;1;0;NA;14.1600678733032;35
8;8;BRISONr_54;2019;HAN;1;HN_WF;1;302;320;156;198;82.5;82.41;1621.14;3052.47;39.63;39.36;884.56;0;0;0;0;0;0;NA;12.3795045045045;32
8;7;BRISONr_114;2019;HAN;1;HN_WF;1;302;318;163;200;85;65.87;1020.54;2148.13;40.04;39.52;674.66;0;0;0.5;5;0;0;NA;13.2970353477765;32
9;7;BRISONr_153;2019;HAN;1;HN_WF;1;302;318;156;198;85;67.36;952.62;1891.15;36.87;39.80;554.72;0;0;0;2.5;0;0;NA;13.4261555806088;52
9;8;BRISONr_169;2019;HAN;1;HN_WF;1;302;319;156;200;91.25;68.96;771.21;1559.97;39.05;39.77;419.79;0;0;0;0;0;0;NA;13.3297511312217;30
9;9;BRISONr_92;2019;HAN;1;HN_WF;1;302;319;161;198;85;73.56;899.55;1786.96;36.50;34.58;599.70;0;0;0;7.5;0;0;NA;12.4971719457014;23
9;10;BRISONr_131;2019;HAN;1;HN_WF;1;302;318;156;198;80;65.85;817.24;1869.12;43.46;41.24;539.73;0;0;0;3;1;0;NA;13.6329908675799;36
10;10;BRISONr_56;2019;HAN;1;HN_WF;1;302;319;161;198;78.75;74.54;903.45;1778.86;35.91;35.18;554.72;0;0;0;0;0;0;NA;12.6425364758698;40
10;9;BRISONr_225;2019;HAN;1;HN_WF;1;302;318;157;200;82.5;77.72;1422.04;2619.49;41.07;43.14;704.65;0;0;0;0;0;0;NA;12.5424688561721;47
10;8;BRISONr_110;2019;HAN;1;HN_WF;1;302;319;161;200;76.25;60.81;717.24;1482.46;39.76;42.65;479.76;0;0;0;0;0;0;NA;13.7522522522523;39
10;7;BRISONr_69;2019;HAN;1;HN_WF;1;302;318;161;200;85;70.77;918.74;1739.73;39.16;40.75;509.75;0;0;0;0;0;0;NA;12.1005681818182;21
11;7;BRISONr_50;2019;HAN;1;HN_WF;1;302;319;161;196;80;70.72;1062.52;2022.04;38.41;41.11;524.74;0;0;0;0;0;0;NA;12.7274774774775;43
11;8;BRISONr_31;2019;HAN;1;HN_WF;1;302;320;161;198;70;71.51;768.07;1405.40;38.21;44.08;434.78;0;0;0;5;2.5;0;NA;12.8162921348315;29
11;9;BRISONr_104;2019;HAN;1;HN_WF;1;302;319;157;196;80;67.81;840.48;1583.06;35.60;35.63;509.75;0;0;0;0;0;0;NA;12.9610609480813;37
11;10;BRISONr_166;2019;HAN;1;HN_WF;1;302;318;156;200;88.75;62.75;819.19;1735.53;42.75;40.68;584.71;0;0;0;2.5;0.25;0;NA;13.2231030577576;25
12;10;BRISONr_47;2019;HAN;1;HN_WF;1;302;319;156;198;77.5;86.21;816.94;1551.87;39.23;39.23;479.76;0;0;0;0;0;0;NA;12.1060606060606;46
12;9;BRISONr_160;2019;HAN;1;HN_WF;1;302;319;163;200;85;81.41;866.27;1755.17;43.83;46.57;419.79;0;0;0;0;0;0;NA;12.4103720405862;38
12;8;BRISONr_207;2019;HAN;1;HN_WF;1;302;320;156;196;78.75;71.37;807.50;1525.34;36.11;40.86;404.80;0;0;0;5;2.5;0;NA;13.1776018099548;54
12;7;BRISONr_138;2019;HAN;1;HN_WF;1;302;319;156;198;83.75;66.58;886.36;1852.17;40.59;42.13;629.69;0;0;0;1;0.5;0;NA;13.2681818181818;65
13;7;BRISONr_71;2019;HAN;1;HN_WF;1;302;319;156;196;80;79.60;847.08;1566.12;39.36;40.00;494.75;0;0;0;0;0;0;NA;12.5942437923251;39
13;8;BRISONr_205;2019;HAN;1;HN_WF;1;302;319;156;190;86.25;72.60;1028.94;2081.11;33.79;33.41;644.68;12.5;0;0;2.5;0;0;NA;12.9411764705882;40
13;9;BRISONr_221;2019;HAN;1;HN_WF;1;302;318;161;198;83.75;80.00;1225.04;2328.49;43.56;44.40;689.66;0;0;0;0;0;0;NA;11.9583802024747;41
13;10;BRISONr_150;2019;HAN;1;HN_WF;1;302;319;161;198;81.25;71.53;734.93;1550.97;41.17;39.05;539.73;0;1;0;0;0;0;NA;12.511273957159;39
1;12;BRISONr_162;2019;HAN;1;HN_NF;1;302;NA;161;190;72.5;42.63;676.91;1635.08;30.20;32.42;539.73;10;0;20;15;0;0;NA;14.1747463359639;41
1;13;BRISONr_92;2019;HAN;1;HN_NF;1;302;NA;156;190;78.75;54.52;600.15;1334.93;38.51;28.44;464.77;5;0;15;10;0;0;NA;11.8161764705882;40
1;14;BRISONr_26;2019;HAN;1;HN_NF;1;302;NA;156;190;62;63.73;721.29;1502.40;41.43;41.50;464.77;2.5;0;2.5;10;5;0;NA;12.3940248027058;42
1;15;BRISONr_135;2019;HAN;1;HN_NF;1;302;NA;156;190;72.5;50.32;382.61;1014.84;35.30;34.03;329.84;10;0;5;2.5;2.5;0;NA;13.0011363636364;59
2;15;BRISONr_205;2019;HAN;1;HN_NF;1;302;NA;156;190;81.25;57.36;781.26;1803.30;30.35;28.89;629.69;5;0;2.5;5;2.5;0;NA;12.6159502262443;43
2;14;BRISONr_38;2019;HAN;1;HN_NF;1;302;NA;156;198;75;61.95;967.92;1858.02;33.73;35.12;569.72;0;0;5;2.5;2.5;0;NA;11.3320987654321;40
2;13;BRISONr_59;2019;HAN;1;HN_NF;1;302;NA;161;196;70;55.30;614.99;1304.20;32.34;31.24;479.76;0;0;5;2.5;2.5;0;NA;12.7533632286996;34
2;12;BRISONr_164;2019;HAN;1;HN_NF;1;302;NA;156;190;75;43.46;588.76;1353.67;31.23;32.39;479.76;25;0;2.5;2.5;2.5;0;NA;12.5525423728814;40
3;12;BRISONr_47;2019;HAN;1;HN_NF;1;302;NA;156;193;71.25;52.90;713.04;1380.96;34.48;37.82;449.78;0;0;2.5;5;2.5;0;NA;11.7087542087542;43
3;13;BRISONr_126;2019;HAN;1;HN_NF;1;302;NA;156;190;78.75;43.51;967.32;1700.00;29.53;27.93;554.72;5;1;25;0;2.5;0;NA;14.004555808656;33
3;14;BRISONr_213;2019;HAN;1;HN_NF;1;302;NA;156;190;76.25;57.58;926.99;1999.85;39.86;39.09;689.66;5;0;2.5;5;0;0;NA;12.2567873303167;40
3;15;BRISONr_188;2019;HAN;1;HN_NF;1;302;NA;156;196;71.25;51.38;637.63;1325.04;35.22;34.98;434.78;20;0;0;0;0;0;NA;12.6700680272109;42
4;15;BRISONr_169;2019;HAN;1;HN_NF;1;302;NA;156;198;80;56.16;1060.27;2223.99;34.69;35.76;794.60;20;0;0;10;0;0;NA;12.4044117647059;29
4;14;BRISONr_104;2019;HAN;1;HN_NF;1;302;NA;156;198;71.25;48.88;822.19;1737.78;31.38;30.94;629.69;20;0;0;10;0;0;NA;12.7782167042889;35
4;13;BRISONr_124;2019;HAN;1;HN_NF;1;302;NA;156;198;70;53.00;697.45;1494.60;30.06;32.27;524.74;2.5;0;2.5;5;2.5;0;NA;12.9;33
4;12;BRISONr_222;2019;HAN;1;HN_NF;1;302;NA;156;196;66.25;68.07;969.72;1820.09;39.09;42.65;614.69;0;0;0;2.5;2.5;0;NA;11.3595480225989;40
5;12;BRISONr_221;2019;HAN;1;HN_NF;1;302;NA;161;196;81.25;60.23;844.53;1624.14;37.89;42.85;494.75;2.5;0;2.5;2.5;0;0;NA;11.6681664791901;41
5;13;BRISONr_176;2019;HAN;1;HN_NF;1;302;NA;156;190;102.5;48.72;634.63;1482.01;37.78;43.84;434.78;25;0;5;2.5;0;0;NA;12.7404279279279;50
5;14;BRISONr_54;2019;HAN;1;HN_NF;1;302;NA;161;196;81.25;57.72;914.09;1936.28;29.73;29.62;704.65;0;0;15;2.5;0;0;NA;12.1722972972973;35
5;15;BRISONr_226;2019;HAN;1;HN_NF;1;302;NA;156;196;77.5;69.46;815.89;1671.96;32.38;36.34;554.72;0;0;10;2.5;2.5;0;NA;11.5946832579186;30
6;15;BRISONr_223;2019;HAN;1;HN_NF;1;302;NA;156;196;80;63.17;786.96;1707.05;30.92;31.01;614.69;25;0;0;0;0;0;NA;11.3669309173273;29
6;14;BRISONr_56;2019;HAN;1;HN_NF;1;302;NA;161;200;72.5;60.30;665.82;2178.56;32.54;30.83;734.63;10;0;2.5;2.5;0;0;NA;12.5836139169473;40
6;13;BRISONr_67;2019;HAN;1;HN_NF;1;302;NA;157;200;81.25;73.01;1224.89;2467.62;33.58;32.39;719.64;2.5;0;5;5;0.5;0;NA;11.5016987542469;25
6;12;BRISONr_138;2019;HAN;1;HN_NF;1;302;NA;161;198;80;52.36;734.33;1743.33;35.33;36.74;629.69;5;0;2.5;20;0;0;NA;13.4744318181818;68
7;12;BRISONr_134;2019;HAN;1;HN_NF;1;302;NA;156;196;70;55.51;909.60;1863.72;34.44;37.57;614.69;2.5;0;2.5;15;0;0;NA;13.2857142857143;58
7;13;BRISONr_69;2019;HAN;1;HN_NF;1;302;NA;161;200;83.75;66.56;761.32;1661.77;34.15;35.99;524.74;2.5;0;0.5;7.5;0;0;NA;12.2198863636364;20
7;14;BRISONr_158;2019;HAN;1;HN_NF;1;302;NA;161;200;88.75;54.59;751.42;1949.18;33.77;32.33;734.63;2.5;0;2.5;10;2.5;0;NA;14.5554298642534;36
7;15;BRISONr_110;2019;HAN;1;HN_NF;1;302;NA;161;198;76.25;52.94;531.78;1219.19;36.70;35.02;404.80;2.5;0;2.5;5;2.5;0;NA;13.4431306306306;38
8;15;BRISONr_131;2019;HAN;1;HN_NF;1;302;NA;161;198;77.5;44.37;609.15;1643.63;33.42;33.21;494.75;7.5;0;7.5;37.5;5;0;NA;14.1655251141553;42
8;14;BRISONr_71;2019;HAN;1;HN_NF;1;302;NA;156;198;77.5;57.54;1076.76;2146.03;38.59;37.45;794.60;0;0;5;10;0;0;NA;13.0321670428894;37
8;13;BRISONr_96;2019;HAN;1;HN_NF;1;302;NA;156;200;78.75;60.48;763.87;1717.39;34.42;32.15;539.73;0;0;17.5;5;7.5;0;NA;12.9223847019123;45
8;12;BRISONr_143;2019;HAN;1;HN_NF;1;302;NA;156;198;80;62.76;887.86;1912.29;37.83;39.34;629.69;0;1;15;12.5;5;0;NA;12.4224629418472;42
9;12;BRISONr_27;2019;HAN;1;HN_NF;1;302;NA;157;198;75;49.95;812.29;1863.27;28.14;30.59;644.68;5;1;17.5;17.5;5;0;NA;13.4954853273138;28
9;13;BRISONr_153;2019;HAN;1;HN_NF;1;302;NA;161;198;81.25;55.13;604.05;1376.46;35.68;35.13;524.74;10;1;5;10;3;0;NA;13.467869222097;49
9;14;BRISONr_225;2019;HAN;1;HN_NF;1;302;NA;161;198;83.75;67.30;1119.04;2346.78;35.35;36.55;644.68;5;0;5;5;5;0;NA;12.3340883352208;45
9;15;BRISONr_121;2019;HAN;1;HN_NF;1;302;NA;156;200;80;58.26;694.30;1473.61;35.63;35.69;479.76;7.5;0;7.5;27.5;7.5;0;NA;13.5878684807256;43
10;15;BRISONr_50;2019;HAN;1;HN_NF;1;302;NA;161;200;77.5;50.68;527.59;1318.29;30.53;29.47;449.78;5;0;37.5;7.5;2.5;0;NA;13.1576576576577;45
10;14;BRISONr_160;2019;HAN;1;HN_NF;1;302;NA;161;200;90;48.37;651.57;1668.22;36.19;39.60;464.77;20;0;22.5;12.5;2.5;0;NA;12.9334836527621;39
10;13;BRISONr_166;2019;HAN;1;HN_NF;1;302;NA;156;200;92.5;51.34;649.03;1657.27;36.02;35.01;599.70;22.5;1;5;15;1;0;NA;13.20724801812;26
10;12;BRISONr_228;2019;HAN;1;HN_NF;1;302;NA;157;198;83.75;75.87;1121.14;2118.89;42.78;45.20;629.69;4;0;5;5;1;0;NA;12.2006802721088;38
11;12;BRISONr_150;2019;HAN;1;HN_NF;1;302;NA;161;198;78.75;37.70;584.41;1489.51;30.38;32.90;479.76;40;1;50;7.5;5;0;NA;14.2125140924464;45
11;13;BRISONr_227;2019;HAN;1;HN_NF;1;302;NA;156;200;76.25;74.92;887.41;1644.08;33.99;34.71;494.75;0;1;1;5;3;0;NA;12.2471719457014;35
11;14;BRISONr_224;2019;HAN;1;HN_NF;1;302;NA;157;196;72.5;57.19;757.42;1392.50;39.70;42.25;344.83;1;1;5;5;0;0;NA;13.2559188275085;55
11;15;BRISONr_118;2019;HAN;1;HN_NF;1;302;NA;156;196;77.5;53.22;880.96;1845.28;34.88;37.11;554.72;7.5;0;32.5;10;5;0;NA;12.9602724177072;40
12;15;BRISONr_102;2019;HAN;1;HN_NF;1;302;NA;156;196;82.5;64.86;738.53;1617.24;38.54;38.61;494.75;5;0;7.5;12.5;0;0;NA;13.0050962627407;47
12;14;BRISONr_99;2019;HAN;1;HN_NF;1;302;NA;156;196;85;68.19;746.63;1652.62;40.40;45.96;524.74;10;0;10;12.5;7.5;0;NA;12.1223103057758;38
12;13;BRISONr_31;2019;HAN;1;HN_NF;1;302;NA;161;196;71.25;59.52;708.25;1564.62;33.51;32.29;584.71;7.5;0;12.5;12.5;0;0;NA;13.1112359550562;29
12;12;BRISONr_145;2019;HAN;1;HN_NF;1;302;NA;161;196;82.5;49.11;340.93;1218.74;31.81;21.75;449.78;12.5;2;50;50;7.5;0;NA;15.337091319053;62
13;12;BRISONr_114;2019;HAN;1;HN_NF;1;302;NA;163;198;78.75;47.06;669.87;1636.88;30.72;33.51;524.74;2.5;2;17.5;20;3;0;NA;14.2320410490308;36
13;13;BRISONr_80;2019;HAN;1;HN_NF;1;302;NA;156;198;78.75;64.05;1130.73;2198.65;41.30;40.98;629.69;5;1;15;15;0;0;NA;12.2830296127563;28
13;14;BRISONr_207;2019;HAN;1;HN_NF;1;302;NA;156;190;76.25;59.66;778.11;1676.61;31.97;33.38;494.75;10;0;15;10;0;0;NA;13.4983031674208;50
13;15;BRISONr_20;2019;HAN;1;HN_NF;1;302;NA;163;198;68.75;59.87;517.39;1097.45;32.26;32.33;374.81;5;0;7.5;5;1;0;NA;13.771702367531;42
1;17;BRISONr_99;2019;HAN;1;LN_WF;1;302;319;156;190;70;54.05;605.70;1183.51;47.26;50.57;359.82;0;0;1;1;1;0;NA;7.73318233295583;19
1;18;BRISONr_188;2019;HAN;1;LN_WF;1;302;319;156;190;67.5;41.09;620.69;1355.77;40.64;40.97;449.78;0;0;0.5;1;1;0;NA;8.70425170068027;20
1;19;BRISONr_207;2019;HAN;1;LN_WF;1;302;319;153;190;67.5;51.87;897.00;1816.64;38.21;40.83;524.74;7.5;0;0;1;0;0;NA;8.20593891402715;20
1;20;BRISONr_27;2019;HAN;1;LN_WF;1;302;318;156;190;65;52.15;646.78;1319.64;37.11;40.75;449.78;0;0;1;1;1;0;NA;9.08690744920993;10
2;20;BRISONr_131;2019;HAN;1;LN_WF;1;302;318;156;190;72.5;48.71;877.36;1976.46;44.26;43.93;569.72;0;0;3;3;1;0;NA;9.44583333333333;20
2;19;BRISONr_80;2019;HAN;1;LN_WF;1;302;318;156;190;70;56.87;592.65;1107.80;43.19;47.60;299.85;0;0;5;1;3;0;NA;8.1004555808656;10
2;18;BRISONr_110;2019;HAN;1;LN_WF;1;302;318;156;190;68.75;45.41;720.69;1535.53;37.15;39.49;509.75;0;0;3;1;1;0;NA;8.53018018018018;20
2;17;BRISONr_20;2019;HAN;1;LN_WF;1;302;319;156;190;58.75;43.88;610.64;1184.86;35.05;38.92;419.79;0;0;1;1;1;0;NA;8.01347237880496;25
3;17;BRISONr_145;2019;HAN;1;LN_WF;1;302;319;156;196;62.5;47.04;691.00;1361.62;40.79;45.82;389.81;0;0;0;5;1;0;NA;8.20118376550169;22
3;18;BRISONr_176;2019;HAN;1;LN_WF;1;302;318;156;190;87.5;48.30;900.75;2015.74;43.12;45.71;569.72;5;0;0;5;5;0;NA;8.9098536036036;25
3;19;BRISONr_96;2019;HAN;1;LN_WF;1;302;318;156;196;75;54.63;1119.94;2137.78;39.94;42.13;599.70;0;0;0.5;0;5;0;NA;8.83740157480315;22
3;20;BRISONr_50;2019;HAN;1;LN_WF;1;302;319;156;190;71.25;53.77;781.11;1654.42;39.98;40.04;509.75;0;0;0.5;1;3;0;NA;9.15208333333333;23
4;20;BRISONr_59;2019;HAN;1;LN_WF;1;302;318;161;198;70;62.84;934.93;1807.20;39.68;42.32;509.75;0;0;0;0.5;1;0;NA;8.70252242152466;20
4;19;BRISONr_162;2019;HAN;1;LN_WF;1;302;319;161;198;75;55.99;1097.30;2223.09;42.28;46.26;614.69;0;0;3;5;1;0;NA;8.80693348365276;20
4;18;BRISONr_47;2019;HAN;1;LN_WF;1;302;319;156;190;67.5;61.85;749.03;1477.81;38.51;40.55;509.75;0;0;0;5;5;0;NA;8.09534231200898;24
4;17;BRISONr_114;2019;HAN;1;LN_WF;1;302;318;156;196;67.5;51.35;878.26;1794.00;42.43;44.58;509.75;0;0;0.5;0.5;1;0;NA;8.7596921322691;14
5;17;BRISONr_224;2019;HAN;1;LN_WF;1;302;319;161;196;65;55.17;1140.18;2178.86;42.53;43.65;539.73;0;0;1;2.5;0;0;NA;8.70355129650507;25
5;18;BRISONr_31;2019;HAN;1;LN_WF;1;302;320;156;196;67.5;57.00;1017.54;1994.00;39.01;41.98;614.69;0;0;5;5;3;0;NA;8.91134831460674;19
5;19;BRISONr_138;2019;HAN;1;LN_WF;1;302;319;156;196;80;56.03;912.89;2023.54;40.05;40.95;674.66;0;0;1;3;1;0;NA;9.88261363636364;30
5;20;BRISONr_67;2019;HAN;1;LN_WF;1;302;319;156;196;77.5;69.62;885.61;1670.61;39.32;40.43;509.75;0;0;1;5;3;0;NA;8.68759909399773;13
6;20;BRISONr_223;2019;HAN;1;LN_WF;1;302;318;156;196;78.75;75.01;734.63;1433.28;39.85;39.26;419.79;0;0;0.5;5;0.5;0;NA;8.62836919592299;17
6;19;BRISONr_225;2019;HAN;1;LN_WF;1;302;318;157;196;77.5;69.05;830.13;1605.70;41.51;43.28;434.78;3;0;5;5;0;0;NA;9.21449603624009;23
6;18;BRISONr_205;2019;HAN;1;LN_WF;1;302;319;153;190;78.75;60.68;764.77;1641.23;34.69;35.85;554.72;12.5;0;0.5;3;0.5;0;NA;9.9185520361991;25
6;17;BRISONr_213;2019;HAN;1;LN_WF;1;302;319;156;196;72.5;65.10;966.72;1857.12;43.27;48.54;509.75;0;0;1;0.5;1;0;NA;9.58427601809955;30
7;17;BRISONr_71;2019;HAN;1;LN_WF;1;302;319;156;196;72.5;63.09;1332.38;2545.43;39.76;41.14;794.60;0;0;0;3;3;0;NA;10.4003386004515;28
7;18;BRISONr_222;2019;HAN;1;LN_WF;1;302;318;156;196;63.75;65.87;1027.44;1938.08;42.08;44.55;614.69;0;0;1;3;3;0;NA;8.86282485875706;26
7;19;BRISONr_26;2019;HAN;1;LN_WF;1;302;318;156;196;78.75;67.20;1241.53;2331.03;44.65;45.35;674.66;0;0;1;1;1;0;NA;9.03511837655017;23
7;20;BRISONr_104;2019;HAN;1;LN_WF;1;302;318;156;196;73.75;58.87;934.03;1770.01;39.08;36.45;584.71;0;0;0;1;0;0;NA;9.16060948081264;19
8;20;BRISONr_38;2019;HAN;1;LN_WF;1;302;318;156;193;70;58.90;698.95;1277.66;37.62;39.20;419.79;0;0;0;0;5;0;NA;9.40488215488215;27
8;19;BRISONr_143;2019;HAN;1;LN_WF;1;302;318;156;198;86.25;64.85;772.41;1499.25;42.52;42.79;524.74;0;0;0;5;5;0;NA;9.49663625997719;25
8;18;BRISONr_153;2019;HAN;1;LN_WF;1;302;318;156;198;75;56.97;1235.08;2465.67;37.41;39.98;734.63;0;0;0;2.5;0;0;NA;9.43979706877114;28
8;17;BRISONr_54;2019;HAN;1;LN_WF;1;302;320;156;190;76.25;65.95;1171.81;2154.87;39.68;39.90;644.68;0;0;1;3;0.5;0;NA;8.98688063063063;23
9;17;BRISONr_134;2019;HAN;1;LN_WF;1;302;319;156;198;71.25;52.55;901.65;1793.25;40.15;41.29;539.73;0;0;0.5;2.5;0;0;NA;10.0651927437642;34
9;18;BRISONr_118;2019;HAN;1;LN_WF;1;302;319;156;196;78.75;58.90;985.16;1892.35;42.74;43.43;509.75;0;0;5;0;0;0;NA;9.77349602724177;23
9;19;BRISONr_166;2019;HAN;1;LN_WF;1;302;318;156;196;92.5;59.75;873.16;1901.50;39.37;42.28;659.67;0;0;3;3;3;0;NA;9.73714609286523;15
9;20;BRISONr_160;2019;HAN;1;LN_WF;1;302;318;163;198;76.25;55.89;925.79;1908.40;40.91;43.05;569.72;0;0;1;0;0;0;NA;9.39611048478016;22
10;20;BRISONr_121;2019;HAN;1;LN_WF;1;302;318;156;196;82.5;66.73;738.83;1441.68;38.60;36.82;554.72;0;0;3;5;0;0;NA;10.8735827664399;30
10;19;BRISONr_158;2019;HAN;1;LN_WF;1;302;318;161;196;87.5;59.90;898.65;2041.08;35.48;34.68;764.62;0;0;1;12.5;1;0;NA;11.6725113122172;28
10;18;BRISONr_228;2019;HAN;1;LN_WF;1;302;319;156;196;78.75;67.47;927.29;1729.09;43.30;45.89;539.73;0;0;0.5;5;0.5;0;NA;9.19909297052154;23
10;17;BRISONr_169;2019;HAN;1;LN_WF;1;302;319;156;196;82.5;58.07;945.88;1785.31;38.05;39.34;524.74;0;0;1;3;1;0;NA;9.52420814479638;15
11;17;BRISONr_56;2019;HAN;1;LN_WF;1;302;319;156;200;62.5;61.28;1259.67;2177.21;35.92;37.16;644.68;0;0;1;0.5;0;0;NA;9.29511784511784;25
11;18;BRISONr_164;2019;HAN;1;LN_WF;1;302;319;156;196;73.75;52.18;855.47;1665.82;39.25;42.68;479.76;0;0;0;5;5;0;NA;10.0965536723164;23
11;19;BRISONr_102;2019;HAN;1;LN_WF;1;302;319;156;196;73.75;58.26;1209.15;2257.27;41.76;46.05;584.71;0;0;1;3;0;0;NA;9.71291053227633;28
11;20;BRISONr_221;2019;HAN;1;LN_WF;1;302;318;161;198;78.75;64.18;733.43;1351.87;40.11;41.87;479.76;0;0;0;2.5;0.5;0;NA;9.09595050618673;30
12;20;BRISONr_69;2019;HAN;1;LN_WF;1;302;318;161;198;77.5;68.04;791.90;1509.75;40.74;41.48;554.72;0;0;0;0.5;0;0;NA;8.88460227272727;13
12;19;BRISONr_227;2019;HAN;1;LN_WF;1;302;319;161;198;77.5;77.42;888.46;1569.42;37.37;40.41;419.79;0;0;0;1;1;0;NA;8.16102941176471;19
12;18;BRISONr_135;2019;HAN;1;LN_WF;1;302;318;156;196;68.75;55.33;1035.68;2416.79;39.02;42.87;689.66;0;0;5;5;5;0;NA;10.0845454545455;32
12;17;BRISONr_150;2019;HAN;1;LN_WF;1;302;319;156;198;67.5;56.43;785.91;1697.75;41.73;41.49;524.74;0;0;1;3;5;0;NA;9.74582863585118;24
13;17;BRISONr_126;2019;HAN;1;LN_WF;1;302;319;156;190;76.25;57.28;881.26;1794.15;37.73;38.52;554.72;0;0;0.5;5;1;0;NA;10.1820615034169;20
13;18;BRISONr_92;2019;HAN;1;LN_WF;1;302;318;156;190;72.5;66.06;802.25;1523.84;35.16;38.40;464.77;0;0;1;3;0;0;NA;9.76934389140271;13
13;19;BRISONr_226;2019;HAN;1;LN_WF;1;302;318;156;190;78.75;69.69;848.43;1548.28;36.96;38.90;419.79;0;0;0.5;0;0;0;NA;9.37918552036199;20
13;20;BRISONr_124;2019;HAN;1;LN_WF;1;302;318;156;196;68.75;60.00;825.04;1656.97;36.69;39.74;524.74;0;0;0.5;5;0;0;NA;9.75664772727273;24
14;2;BRISONr_166;2019;HAN;1;LN_WF;2;302;318;156;190;78.75;56.02;723.54;1507.35;40.06;41.39;479.76;0;0;0;0.5;0.5;0;NA;9.42055492638732;16
14;3;BRISONr_27;2019;HAN;1;LN_WF;2;302;318;156;190;70;60.34;626.69;1257.27;36.45;38.30;314.84;0;0;2.5;2.5;0.5;0;NA;10.0636004514673;14
14;4;BRISONr_92;2019;HAN;1;LN_WF;2;302;318;156;190;73.75;68.06;845.58;1586.06;36.06;37.87;584.71;0.5;0;0.5;2.5;0.5;0;NA;9.38071266968326;13
14;5;BRISONr_26;2019;HAN;1;LN_WF;2;302;318;156;190;75;59.62;1051.57;2061.62;42.62;47.39;614.69;0.5;0;2.5;0.5;0;0;NA;9.03703494926719;13
15;5;BRISONr_207;2019;HAN;1;LN_WF;2;302;319;156;190;68.75;54.33;857.42;1747.38;36.56;39.70;524.74;0;0;0;2.5;0.5;0;NA;9.06923076923077;25
15;4;BRISONr_38;2019;HAN;1;LN_WF;2;302;318;156;196;72.5;59.72;1089.96;2006.45;37.20;38.83;644.68;2.5;0;0;2.5;0.5;0;NA;9.41414141414141;26
15;3;BRISONr_67;2019;HAN;1;LN_WF;2;302;318;156;196;73.75;68.56;800.15;1481.41;39.61;41.08;434.78;0;0;0.5;0.5;0.5;0;NA;8.47859569648924;15
15;2;BRISONr_164;2019;HAN;1;LN_WF;2;302;319;157;190;68.75;48.08;819.49;1629.24;37.70;39.36;374.81;0;0;0.5;2.5;2.5;0;NA;9.61751412429379;22
16;2;BRISONr_134;2019;HAN;1;LN_WF;2;302;319;156;190;60;49.96;825.34;1597.90;37.16;41.00;539.73;0.5;0;0.5;2.5;2.5;0;NA;9.64121315192744;32
16;3;BRISONr_126;2019;HAN;1;LN_WF;2;302;318;156;196;72.5;54.24;942.13;1934.63;38.87;38.15;629.69;0;0;0.5;0.5;0.5;0;NA;9.78046697038724;20
16;4;BRISONr_227;2019;HAN;1;LN_WF;2;302;319;157;198;72.5;66.77;1207.50;2205.10;35.82;38.78;569.72;0;0;0;1;1;0;NA;8.21425339366516;20
16;5;BRISONr_104;2019;HAN;1;LN_WF;2;302;318;157;196;71.25;55.64;896.40;1731.18;38.96;40.04;569.72;0;0;1;1;0;0;NA;9.12099322799097;20
17;5;BRISONr_162;2019;HAN;1;LN_WF;2;302;319;157;196;70;52.76;732.68;1562.37;41.55;44.13;539.73;0;0;1;1;0.5;0;NA;8.94853438556934;20
17;4;BRISONr_20;2019;HAN;1;LN_WF;2;302;318;161;196;70;52.53;756.22;1529.54;35.03;37.87;584.71;0;0;0.5;0;1;0;NA;9.18613303269447;24
17;3;BRISONr_50;2019;HAN;1;LN_WF;2;302;319;157;196;71.25;57.65;1170.46;2372.11;40.96;40.29;614.69;0;0;0;0.5;0;0;NA;9.71126126126126;22
17;2;BRISONr_169;2019;HAN;1;LN_WF;2;302;318;156;196;80;54.66;881.86;1756.52;37.07;37.17;539.73;0;0;0;0;0;0;NA;9.4914592760181;18
18;2;BRISONr_224;2019;HAN;1;LN_WF;2;302;318;157;196;65;54.26;888.01;1769.42;41.16;42.77;404.80;0;0;1;1;0;0;NA;9.00665163472379;21
18;3;BRISONr_114;2019;HAN;1;LN_WF;2;302;318;163;190;73.75;55.82;1005.10;2118.29;42.56;42.23;644.68;0;0;5;1;1;0;NA;9.66413911060433;17
18;4;BRISONr_213;2019;HAN;1;LN_WF;2;302;318;156;190;71.25;60.08;1247.38;2399.40;41.53;44.04;764.62;0;0;1;3;1;0;NA;8.60763574660633;24
18;5;BRISONr_143;2019;HAN;1;LN_WF;2;302;319;156;190;72.5;59.75;1082.61;2220.39;40.67;43.68;704.65;0;0;1;1;0.5;0;NA;8.82702394526796;24
19;5;BRISONr_118;2019;HAN;1;LN_WF;2;302;319;157;190;63.75;59.29;751.42;1469.42;40.83;42.66;374.81;0;0;1;0.5;0.5;0;NA;8.73819523269012;22
19;4;BRISONr_176;2019;HAN;1;LN_WF;2;302;318;156;190;91.25;53.73;559.67;1235.08;41.42;43.95;404.80;5;0;1;0;0.5;0;NA;9.76503378378378;30
19;3;BRISONr_150;2019;HAN;1;LN_WF;2;302;318;157;196;76.25;53.58;452.62;1083.96;41.70;38.10;374.81;0;0;1;3;0.5;0;NA;9.97046223224352;25
19;2;BRISONr_158;2019;HAN;1;LN_WF;2;302;318;161;190;73.75;47.07;689.96;1561.32;34.26;34.81;524.74;10;0;5;40;0.5;0;NA;10.8457013574661;25
20;2;BRISONr_80;2019;HAN;1;LN_WF;2;302;318;161;193;71.25;60.21;910.64;1690.10;42.85;43.44;434.78;0;0;5;0;1;0;NA;8.91708428246014;13
20;3;BRISONr_225;2019;HAN;1;LN_WF;2;302;318;157;196;70;61.48;627.59;1241.98;41.03;41.59;389.81;0;0;1;0;1;0;NA;8.90690826727067;22
20;4;BRISONr_47;2019;HAN;1;LN_WF;2;302;319;156;196;72.5;58.98;1136.28;2237.78;39.17;39.27;689.66;0;0;0;3;1;0;NA;8.79927048260382;23
20;5;BRISONr_96;2019;HAN;1;LN_WF;2;302;319;156;196;66.25;55.37;1115.29;2239.43;40.27;39.85;569.72;0;0;0;1;0;0;NA;9.08987626546682;23
21;5;BRISONr_71;2019;HAN;1;LN_WF;2;302;319;156;190;72.5;59.79;996.10;1956.07;40.44;40.26;644.68;0;0;1;0;0;0;NA;9.39334085778781;24
21;4;BRISONr_138;2019;HAN;1;LN_WF;2;302;319;157;198;73.75;50.52;810.19;1771.81;39.16;43.30;614.69;0;0;0;1;1;0;NA;9.45801136363636;30
21;3;BRISONr_188;2019;HAN;1;LN_WF;2;302;319;156;196;67.5;55.24;1066.72;2210.49;42.36;40.40;644.68;0;0;1;1;0;0;NA;9.91961451247166;27
21;2;BRISONr_56;2019;HAN;1;LN_WF;2;302;318;157;198;63.75;57.98;1018.89;1964.32;36.74;34.62;644.68;0;0;5;1;0;0;NA;8.84820426487093;24
22;2;BRISONr_221;2019;HAN;1;LN_WF;2;302;319;157;198;70;54.55;964.92;1865.37;41.41;43.20;584.71;0;0;1;0;0;0;NA;9.11574803149606;28
22;3;BRISONr_226;2019;HAN;1;LN_WF;2;302;318;156;190;72.5;65.15;1010.49;1921.59;37.13;37.25;584.71;0;0;5;0;0.5;0;NA;8.71368778280543;20
22;4;BRISONr_99;2019;HAN;1;LN_WF;2;302;318;156;190;76.25;63.56;928.64;1875.86;45.97;48.67;509.75;0;0;5;5;1;0;NA;9.08001132502831;22
22;5;BRISONr_222;2019;HAN;1;LN_WF;2;302;320;157;196;61.25;65.65;870.61;1700.90;40.49;41.83;524.74;0;0;1;0.5;0.5;0;NA;8.70440677966102;25
23;5;BRISONr_54;2019;HAN;1;LN_WF;2;302;320;157;198;65;60.64;830.43;1526.09;39.94;42.65;434.78;2.5;0;0.5;0.5;0.5;0;NA;8.70900900900901;22
23;4;BRISONr_205;2019;HAN;1;LN_WF;2;302;319;156;190;70;53.87;608.55;1247.53;36.44;35.53;344.83;20;0;2.5;2.5;0.5;0;NA;10.1744909502262;26
23;3;BRISONr_110;2019;HAN;1;LN_WF;2;302;319;156;196;72.5;51.02;791.00;1662.82;40.32;38.21;494.75;5;0;2.5;0.5;0;0;NA;9.85028153153153;25
23;2;BRISONr_59;2019;HAN;1;LN_WF;2;302;320;161;198;65;58.97;686.66;1345.28;41.86;41.68;389.81;0.5;0;0.5;0.5;0.5;0;NA;9.33615470852018;22
24;2;BRISONr_228;2019;HAN;1;LN_WF;2;302;320;156;193;66.25;52.75;774.96;1513.94;43.71;46.95;464.77;0.5;0;0;0;0.5;0;NA;8.96422902494331;22
24;3;BRISONr_135;2019;HAN;1;LN_WF;2;302;318;156;196;68.75;47.17;829.54;1868.67;44.75;42.15;554.72;0;0;0;0;2.5;0;NA;10.0392613636364;33
24;4;BRISONr_131;2019;HAN;1;LN_WF;2;302;319;161;196;73.75;53.47;766.87;1612.14;45.84;47.43;404.80;0;0;0;0.5;0.5;0;NA;9.48453196347032;23
24;5;BRISONr_145;2019;HAN;1;LN_WF;2;302;318;161;198;68.75;54.80;835.38;1674.81;44.34;44.30;509.75;0;0;0;0;0.5;0;NA;9.23511837655017;26
25;5;BRISONr_223;2019;HAN;1;LN_WF;2;302;319;156;196;61.25;61.33;949.63;1704.05;42.09;43.69;539.73;0;0;0;0;0;0;NA;7.96687429218573;15
25;4;BRISONr_102;2019;HAN;1;LN_WF;2;302;318;161;196;68.75;57.22;966.12;1803.60;42.35;41.17;524.74;0;0;0.5;0;0.5;0;NA;9.57785956964893;26
25;3;BRISONr_153;2019;HAN;1;LN_WF;2;302;318;157;196;70;50.15;919.79;1753.22;39.82;42.34;509.75;0;0;0.5;0.5;0;0;NA;9.3641488162345;25
25;2;BRISONr_31;2019;HAN;1;LN_WF;2;302;320;157;196;60;48.47;643.18;1169.27;41.88;43.06;389.81;2.5;0;0.5;2.5;0;0;NA;8.73960674157303;17
26;2;BRISONr_124;2019;HAN;1;LN_WF;2;302;319;161;196;60;53.54;719.19;1349.48;38.55;40.95;434.78;2.5;0;0.5;2.5;0;0;NA;9.17073863636364;21
26;3;BRISONr_69;2019;HAN;1;LN_WF;2;302;319;161;196;67.5;58.44;772.71;1465.52;43.97;43.65;479.76;0;0;0.5;0;0;0;NA;8.53625;12
26;4;BRISONr_160;2019;HAN;1;LN_WF;2;302;318;163;196;70;55.58;1129.54;2224.44;42.80;45.14;584.71;0;0;0;0.5;0;0;NA;9.11251409244645;22
26;5;BRISONr_121;2019;HAN;1;LN_WF;2;302;320;157;196;62.5;44.25;707.80;1354.72;39.23;40.57;419.79;0.5;0;0;0.5;0;0;NA;8.83531746031746;22
14;7;BRISONr_227;2019;HAN;1;HN_NF;2;302;NA;157;196;77.5;80.48;1268.07;2374.36;34.16;36.13;779.61;1;0;1;0.5;0;0;NA;10.975056561086;36
14;8;BRISONr_145;2019;HAN;1;HN_NF;2;302;NA;161;196;78.75;55.80;560.12;1253.07;35.57;36.28;374.81;5;0;12.5;17.5;0;0;NA;13.1865839909808;52
14;9;BRISONr_138;2019;HAN;1;HN_NF;2;302;NA;161;196;81.25;52.54;873.76;2068.52;33.87;36.04;794.60;1;0;15;20;0;0;NA;13.5931818181818;69
14;10;BRISONr_121;2019;HAN;1;HN_NF;2;302;NA;156;198;76.25;62.05;698.05;1621.89;35.19;31.03;629.69;0;0;5;0;3;0;NA;13.3486394557823;43
15;10;BRISONr_80;2019;HAN;1;HN_NF;2;302;NA;157;196;81.25;66.76;743.63;1524.44;37.67;40.32;479.76;0;0;10;5;5;0;NA;11.9931662870159;24
15;9;BRISONr_99;2019;HAN;1;HN_NF;2;302;NA;157;196;83.75;59.68;740.93;1521.59;41.56;45.97;404.80;10;0;15;20;0;0;NA;12.1415628539071;38
15;8;BRISONr_225;2019;HAN;1;HN_NF;2;302;NA;157;196;80;64.18;887.41;1795.65;35.18;36.69;554.72;1;0;5;5;3;0;NA;13.0515288788222;50
15;7;BRISONr_56;2019;HAN;1;HN_NF;2;302;NA;161;196;70;59.02;1125.79;2284.71;31.70;32.35;824.59;5;0;5;3;10;0;NA;13.0196408529742;43
16;7;BRISONr_96;2019;HAN;1;HN_NF;2;302;NA;157;196;75;56.61;978.86;1937.03;34.99;36.66;524.74;1;0;15;0;10;0;NA;12.6197975253093;45
16;8;BRISONr_164;2019;HAN;1;HN_NF;2;302;NA;157;190;78.75;39.85;697.30;1536.73;29.98;35.47;449.78;17.5;0;12.5;20;5;0;NA;15.1265536723164;42
16;9;BRISONr_176;2019;HAN;1;HN_NF;2;302;NA;156;190;95;39.25;773.76;1823.09;36.30;39.31;569.72;0;0;40;35;0;0;NA;13.6554054054054;60
16;10;BRISONr_126;2019;HAN;1;HN_NF;2;302;NA;156;196;77.5;39.46;553.82;1529.24;25.50;24.83;614.69;12.5;0;50;10;0;0;NA;15.5569476082005;35
17;10;BRISONr_50;2019;HAN;1;HN_NF;2;302;NA;161;196;76.25;45.60;639.58;1743.48;27.70;27.03;554.72;25;0;40;20;0;0;NA;12.8417792792793;43
17;9;BRISONr_169;2019;HAN;1;HN_NF;2;302;NA;157;196;85;50.29;836.73;1801.20;33.10;36.22;524.74;17.5;0;5;17.5;0;0;NA;12.7743212669683;30
17;8;BRISONr_134;2019;HAN;1;HN_NF;2;302;NA;157;196;75;55.46;456.82;1050.97;34.40;31.30;419.79;5;0;5;17.5;0;0;NA;13.9971655328798;60
17;7;BRISONr_26;2019;HAN;1;HN_NF;2;302;NA;157;196;83.75;63.23;649.63;1419.34;41.43;39.37;464.77;10;0;5;5;5;0;NA;11.9408117249154;40
18;7;BRISONr_162;2019;HAN;1;HN_NF;2;302;NA;161;196;75;45.26;867.17;1981.56;35.02;36.66;674.66;0;1;7.5;15;3;0;NA;12.760428410372;38
18;8;BRISONr_224;2019;HAN;1;HN_NF;2;302;NA;157;193;68.75;62.74;967.02;1912.29;38.62;39.68;569.72;0;0;5;5;5;0;NA;12.5879368658399;53
18;9;BRISONr_153;2019;HAN;1;HN_NF;2;302;NA;157;198;81.25;50.45;933.13;1837.03;35.55;39.15;569.72;5;0;5;5;0;0;NA;13.0039458850056;50
18;10;BRISONr_223;2019;HAN;1;HN_NF;2;302;NA;157;198;78.75;63.02;780.36;1630.73;33.10;32.16;539.73;17.5;0;10;5;0;0;NA;11.4258210645527;30
19;10;BRISONr_27;2019;HAN;1;HN_NF;2;302;NA;157;196;71.25;46.19;603.60;1483.81;29.20;28.56;554.72;10;0;15;12.5;1;0;NA;12.760158013544;28
19;9;BRISONr_166;2019;HAN;1;HN_NF;2;302;NA;156;196;88.75;52.94;951.87;2103.45;36.20;40.25;674.66;10;0;10;3;0;0;NA;12.8890147225368;24
19;8;BRISONr_150;2019;HAN;1;HN_NF;2;302;NA;161;196;78.75;40.62;404.20;1188.46;30.52;26.14;479.76;5;0;40;40;0.5;0;NA;13.6865839909808;47
19;7;BRISONr_92;2019;HAN;1;HN_NF;2;302;NA;157;196;77.5;57.30;1011.39;2009.90;30.43;34.00;674.66;0;0;17.5;20;5;0;NA;12.0424208144796;24
20;7;BRISONr_31;2019;HAN;1;HN_NF;2;302;NA;161;196;67.5;58.87;1066.57;2063.42;37.77;39.22;659.67;0;0;5;10;1;0;NA;11.55;28
20;8;BRISONr_38;2019;HAN;1;HN_NF;2;302;NA;156;196;73.75;60.61;1006.45;1963.87;35.07;34.48;734.63;5;0;7.5;5;1;0;NA;11.7704826038159;41
20;9;BRISONr_67;2019;HAN;1;HN_NF;2;302;NA;157;196;75;64.81;1098.20;2114.39;35.42;34.32;719.64;3;1;5;3;5;0;NA;11.9445073612684;24
20;10;BRISONr_114;2019;HAN;1;HN_NF;2;302;NA;163;196;81.25;40.92;560.87;1508.55;30.30;27.74;539.73;0;0;40;10;0.5;0;NA;14.418472063854;36
21;10;BRISONr_135;2019;HAN;1;HN_NF;2;302;NA;161;196;81.25;45.21;650.22;1661.92;34.79;32.83;599.70;15;0;35;30;0;0;NA;14.0073863636364;67
21;9;BRISONr_222;2019;HAN;1;HN_NF;2;302;NA;161;200;73.75;66.54;1026.24;1899.10;40.33;43.00;554.72;0;0;3;5;1;0;NA;11.6063276836158;44
21;8;BRISONr_228;2019;HAN;1;HN_NF;2;302;NA;157;193;80;70.68;969.12;1807.95;45.24;44.72;554.72;0;0;5;1;1;0;NA;11.9467120181406;36
21;7;BRISONr_118;2019;HAN;1;HN_NF;2;302;NA;157;198;80;59.23;932.68;1836.73;36.51;40.94;509.75;0.5;0;15;15;1;0;NA;12.0641316685585;35
22;7;BRISONr_205;2019;HAN;1;HN_NF;2;302;NA;156;190;81.25;59.79;899.10;1908.70;32.23;31.64;614.69;5;0;5;7.5;0;0;NA;12.1962669683258;40
22;8;BRISONr_102;2019;HAN;1;HN_NF;2;302;NA;157;196;80;58.89;956.07;1986.21;38.70;38.11;764.62;0;0;5;7.5;3;0;NA;13.0028312570781;45
22;9;BRISONr_226;2019;HAN;1;HN_NF;2;302;NA;156;196;80;66.30;1039.43;1934.78;33.22;37.97;599.70;7.5;0;15;0;1;0;NA;11.7799773755656;31
22;10;BRISONr_207;2019;HAN;1;HN_NF;2;302;NA;156;196;81.25;55.47;1006.60;2097.90;31.84;32.78;674.66;12.5;0;17.5;17.5;1;0;NA;12.9592760180995;50
23;10;BRISONr_213;2019;HAN;1;HN_NF;2;302;NA;161;196;80;57.83;1068.97;2357.87;39.51;36.51;929.54;12.5;0;15;5;0;0;NA;12.302036199095;41
23;9;BRISONr_71;2019;HAN;1;HN_NF;2;302;NA;156;196;81.25;61.26;984.41;1952.92;38.47;40.71;659.67;0;0;5;5;5;0;NA;12.8950338600451;36
23;8;BRISONr_104;2019;HAN;1;HN_NF;2;302;NA;161;196;76.25;51.44;736.88;1618.59;31.51;30.99;629.69;10;0;5;7.5;5;0;NA;13.0711060948081;37
23;7;BRISONr_110;2019;HAN;1;HN_NF;2;302;NA;161;200;80;50.05;749.78;1634.78;37.15;36.65;524.74;7.5;0;12.5;5;5;0;NA;13.0422297297297;37
24;7;BRISONr_20;2019;HAN;1;HN_NF;2;302;NA;161;196;67.5;53.32;1018.74;1969.12;36.45;37.95;644.68;5;0;5;5;0;0;NA;12.5518602029312;40
24;8;BRISONr_59;2019;HAN;1;HN_NF;2;302;NA;161;200;75;57.94;763.12;1543.03;34.81;35.17;509.75;5;0;7.5;10;5;0;NA;12.0213004484305;34
24;9;BRISONr_47;2019;HAN;1;HN_NF;2;302;NA;157;196;77.5;63.21;988.16;1926.39;34.50;37.15;629.69;5;0;2.5;10;0;0;NA;12.2598204264871;47
24;10;BRISONr_221;2019;HAN;1;HN_NF;2;302;NA;161;198;83.75;54.94;885.31;1803.30;37.46;39.50;554.72;2.5;0;2.5;2.5;2.5;0;NA;12.314398200225;40
25;10;BRISONr_143;2019;HAN;1;HN_NF;2;302;NA;161;196;81.25;61.00;944.23;2039.13;37.23;37.84;644.68;0;0;7.5;5;2.5;0;NA;12.6773090079818;44
25;9;BRISONr_54;2019;HAN;1;HN_NF;2;302;NA;157;196;78.75;58.20;982.16;2024.14;34.12;34.72;599.70;0;0;15;5;0.5;0;NA;12.0191441441441;35
25;8;BRISONr_188;2019;HAN;1;HN_NF;2;302;NA;156;196;71.25;49.48;735.98;1680.21;34.90;34.37;524.74;20;0;7.5;12.5;0;0;NA;13.109977324263;45
25;7;BRISONr_69;2019;HAN;1;HN_NF;2;302;NA;161;196;78.75;64.07;918.59;1680.06;38.96;40.93;464.77;0.5;0;0.5;2.5;2.5;0;NA;11.2804545454545;20
26;7;BRISONr_158;2019;HAN;1;HN_NF;2;302;NA;161;196;78.75;50.45;659.22;1364.17;35.30;37.49;464.77;0;0;10;15;2.5;0;NA;13.4010180995475;36
26;8;BRISONr_131;2019;HAN;1;HN_NF;2;302;NA;156;198;76.25;42.60;620.69;1349.78;38.71;39.07;389.81;0.5;0;20;5;5;0;NA;13.0896118721461;40
26;9;BRISONr_124;2019;HAN;1;HN_NF;2;302;NA;157;196;76.25;43.94;833.43;1705.25;31.23;33.74;569.72;2.5;0;20;5;2.5;0;NA;12.8176136363636;34
26;10;BRISONr_160;2019;HAN;1;HN_NF;2;302;NA;161;196;80;55.96;1120.69;2361.62;38.70;38.46;734.63;10;0;15;2.5;5;0;NA;12.7435174746336;38
14;12;BRISONr_225;2019;HAN;1;LN_NF;2;302;NA;156;193;66.25;58.13;595.35;1200.45;38.61;40.13;329.84;0;0;5;15;5;0;NA;9.06449603624009;22
14;13;BRISONr_143;2019;HAN;1;LN_NF;2;302;NA;156;190;71.25;53.60;678.41;1435.83;39.10;43.80;404.80;5;0;1;20;4;0;NA;9.32212086659065;24
14;14;BRISONr_228;2019;HAN;1;LN_NF;2;302;NA;156;190;71.25;67.85;1058.92;1977.81;42.12;44.27;614.69;2;0;0.5;10;10;0;NA;9.34404761904762;27
14;15;BRISONr_38;2019;HAN;1;LN_NF;2;302;NA;156;190;65;62.35;721.29;1401.05;36.77;36.92;404.80;0.5;0;5;15;7.5;0;NA;9.41593714927048;27
15;15;BRISONr_145;2019;HAN;1;LN_NF;2;302;NA;161;198;68.75;54.56;648.73;1367.77;38.76;40.93;479.76;2.5;0;3;32.5;1;0;NA;9.64515219842165;28
15;14;BRISONr_221;2019;HAN;1;LN_NF;2;302;NA;161;198;73.75;56.44;946.33;1849.63;38.77;40.76;569.72;3;0;5;10;5;0;NA;8.95973003374578;25
15;13;BRISONr_158;2019;HAN;1;LN_NF;2;302;NA;163;196;78.75;47.35;542.58;1240.18;33.99;33.31;449.78;1.5;0;5;35;5;0;NA;10.6022058823529;24
15;12;BRISONr_162;2019;HAN;1;LN_NF;2;302;NA;161;196;68.75;43.04;758.77;1668.67;36.73;39.36;539.73;0;0;7.5;47.5;0.5;0;NA;9.73139797068771;23
16;12;BRISONr_59;2019;HAN;1;LN_NF;2;302;NA;156;196;65;52.24;980.21;2029.99;36.12;38.79;644.68;0;0;10;37.5;1;0;NA;8.97247757847533;21
16;13;BRISONr_26;2019;HAN;1;LN_NF;2;302;NA;156;193;75;57.59;631.33;1257.27;42.85;42.84;404.80;1;0;7.5;15;5;0;NA;9.44870349492672;21
16;14;BRISONr_131;2019;HAN;1;LN_NF;2;302;NA;161;196;68.75;43.64;615.74;1463.72;41.79;42.65;449.78;2;0;7.5;35;3;0;NA;10.5803652968037;23
16;15;BRISONr_138;2019;HAN;1;LN_NF;2;302;NA;161;196;71.25;44.25;579.31;1360.42;37.04;38.75;494.75;3;0;5;42.5;5;0;NA;10.7326136363636;34
17;15;BRISONr_135;2019;HAN;1;LN_NF;2;302;NA;156;196;67.5;45.16;523.09;1203.00;38.29;39.45;389.81;0;0;10;45;5;0;NA;10.6146022727273;35
17;14;BRISONr_164;2019;HAN;1;LN_NF;2;302;NA;156;196;70;45.27;631.33;1386.81;35.35;36.33;464.77;0;0;17.5;50;0.5;0;NA;10.5206779661017;24
17;13;BRISONr_69;2019;HAN;1;LN_NF;2;302;NA;157;190;75;59.51;936.58;1911.24;38.40;36.74;599.70;1.5;0;5;10;3;0;NA;8.92619318181818;12
17;12;BRISONr_56;2019;HAN;1;LN_NF;2;302;NA;157;198;67.5;58.31;765.52;1536.28;33.59;34.97;509.75;0.5;0;4;15;3;0;NA;9.11694725028059;24
18;12;BRISONr_27;2019;HAN;1;LN_NF;2;302;NA;156;196;68.75;48.22;594.30;1300.30;33.26;35.92;479.76;0.5;0;7.5;15;2.5;0;NA;9.4951467268623;14
18;13;BRISONr_222;2019;HAN;1;LN_NF;2;302;NA;156;196;68.75;55.52;693.25;1400.75;39.09;40.02;449.78;1.5;0;2;12.5;4;0;NA;8.94497175141243;25
18;14;BRISONr_114;2019;HAN;1;LN_NF;2;302;NA;156;196;71.25;43.69;771.21;1659.22;38.30;39.68;524.74;0;0;10;37.5;3;0;NA;9.5675598631699;20
18;15;BRISONr_188;2019;HAN;1;LN_NF;2;302;NA;156;196;70;49.28;774.06;1793.40;38.97;40.55;539.73;5;0;5;10;3;0;NA;10.2626984126984;29
19;15;BRISONr_96;2019;HAN;1;LN_NF;2;302;NA;156;196;68.75;46.56;837.03;1644.38;38.98;40.48;449.78;1;0;5;15;3;0;NA;9.67778402699662;26
19;14;BRISONr_121;2019;HAN;1;LN_NF;2;302;NA;156;196;71.25;50.39;935.83;1865.07;37.08;36.12;524.74;5;0;1;27.5;2.5;0;NA;9.80714285714286;27
19;13;BRISONr_20;2019;HAN;1;LN_NF;2;302;NA;161;196;63.75;47.20;427.74;858.47;35.42;35.61;329.84;5;0;1;17.5;3;0;NA;9.58748590755355;25
19;12;BRISONr_50;2019;HAN;1;LN_NF;2;302;NA;157;196;63.75;47.32;764.02;1677.96;38.86;38.66;509.75;1;0;10;40;1;0;NA;9.14707207207207;22
20;12;BRISONr_160;2019;HAN;1;LN_NF;2;302;NA;163;196;78.75;45.92;884.41;1776.61;39.88;41.10;479.76;10;0;3;27.5;1;0;NA;8.84712514092447;20
20;13;BRISONr_207;2019;HAN;1;LN_NF;2;302;NA;156;190;77.5;49.34;935.98;1881.41;34.75;36.55;584.71;5;0;0.5;47.5;0.5;0;NA;9.56866515837104;26
20;14;BRISONr_213;2019;HAN;1;LN_NF;2;302;NA;156;190;72.5;56.94;996.40;2027.29;43.22;40.40;689.66;3;0;3;27.5;5;0;NA;9.30203619909502;35
20;15;BRISONr_153;2019;HAN;1;LN_NF;2;302;NA;157;190;72.5;52.17;681.86;1398.35;38.55;38.77;464.77;3;0;0.5;20;2.5;0;NA;9.4608229988726;27
21;15;BRISONr_227;2019;HAN;1;LN_NF;2;302;NA;157;196;67.5;64.84;627.59;1183.96;36.50;38.23;404.80;0.5;0;1;12.5;5;0;NA;7.90814479638009;17
21;14;BRISONr_126;2019;HAN;1;LN_NF;2;302;NA;156;190;75;50.07;672.41;1479.46;34.69;36.64;509.75;0.5;0;10;32.5;1;0;NA;9.85501138952164;20
21;13;BRISONr_169;2019;HAN;1;LN_NF;2;302;NA;156;193;78.75;47.24;560.27;1139.88;34.97;35.58;419.79;1;0;2.5;35;0;0;NA;9.34111990950226;18
21;12;BRISONr_80;2019;HAN;1;LN_NF;2;302;NA;157;196;70;58.95;884.41;1737.33;41.59;42.17;509.75;3;0;5;27.5;7.5;0;NA;8.50085421412301;12
22;12;BRISONr_54;2019;HAN;1;LN_NF;2;302;NA;157;196;72.5;64.26;850.07;1706.90;35.12;36.25;539.73;0;0;7.5;22.5;3;0;NA;9.00703828828829;22
22;13;BRISONr_150;2019;HAN;1;LN_NF;2;302;NA;161;196;70;50.25;916.79;2274.21;39.68;35.89;719.64;5;0;10;47.5;0.5;0;NA;10.3474069898534;24
22;14;BRISONr_31;2019;HAN;1;LN_NF;2;302;NA;156;190;71.25;59.10;803.75;1597.15;37.24;36.94;614.69;5;0;3;30;3;0;NA;9.28174157303371;18
22;15;BRISONr_104;2019;HAN;1;LN_NF;2;302;NA;157;196;70;59.48;898.65;1765.37;34.96;36.91;584.71;3;0;5;20;3;0;NA;9.29294582392777;21
23;15;BRISONr_124;2019;HAN;1;LN_NF;2;299;NA;157;190;66.25;48.09;504.20;1112.44;33.21;33.74;389.81;0;0;12.5;37.5;1;0;NA;10.1205113636364;22
23;14;BRISONr_47;2019;HAN;1;LN_NF;2;299;NA;156;196;75;58.38;963.12;2019.34;37.54;38.63;629.69;5;0;5;20;2.5;0;NA;9.02154882154882;27
23;13;BRISONr_102;2019;HAN;1;LN_NF;2;299;NA;157;198;77.5;53.81;1185.01;2453.97;40.87;44.47;719.64;3;0;3;25;5;0;NA;9.72559456398641;31
23;12;BRISONr_224;2019;HAN;1;LN_NF;2;299;NA;157;196;65;57.18;629.39;1270.91;41.28;40.53;389.81;3;0;1;17.5;1;0;NA;9.78782412626832;30
24;12;BRISONr_134;2019;HAN;1;LN_NF;2;299;NA;156;190;68.75;54.15;638.98;1295.95;37.12;38.99;434.78;0;0;3;37.5;1;0;NA;10.4174036281179;38
24;13;BRISONr_99;2019;HAN;1;LN_NF;2;299;NA;156;190;82.5;62.13;881.41;1880.96;44.16;46.28;524.74;0;0;7.5;40;3;0;NA;9.43471121177803;23
24;14;BRISONr_118;2019;HAN;1;LN_NF;2;299;NA;157;190;77.5;57.65;743.33;1545.13;37.64;38.98;524.74;3;0;3;37.5;3;0;NA;10.0994892167991;25
24;15;BRISONr_176;2019;HAN;1;LN_NF;2;299;NA;156;190;91.25;50.67;631.93;1529.99;38.20;43.87;479.76;5;0;10;27.5;1;0;NA;10.6530405405405;33
25;15;BRISONr_205;2019;HAN;1;LN_NF;2;299;NA;156;190;80;52.25;1184.71;2440.33;34.46;33.40;689.66;3;0;3;20;3;0;NA;10.6754524886878;30
25;14;BRISONr_166;2019;HAN;1;LN_NF;2;299;NA;156;193;87.5;57.52;877.81;1980.36;38.58;38.67;614.69;7.5;0;3;15;3;0;NA;10.0750849377123;16
25;13;BRISONr_223;2019;HAN;1;LN_NF;2;299;NA;156;193;73.75;64.53;957.87;1924.74;37.52;36.88;644.68;3;0;3;17.5;0.5;0;NA;8.67565118912797;18
25;12;BRISONr_71;2019;HAN;1;LN_NF;2;299;NA;156;190;68.75;59.33;1008.10;1914.39;39.32;38.70;689.66;0.5;0;1;17.5;3;0;NA;9.9558690744921;27
26;12;BRISONr_67;2019;HAN;1;LN_NF;2;299;NA;156;196;71.25;65.91;956.82;1818.89;38.61;38.58;509.75;0.5;0;1;17.5;5;0;NA;8.60741789354473;13
26;13;BRISONr_92;2019;HAN;1;LN_NF;2;299;NA;156;196;70;53.55;754.42;1507.20;35.15;33.61;539.73;0.5;0;7.5;37.5;1;0;NA;9.14632352941176;13
26;14;BRISONr_226;2019;HAN;1;LN_NF;2;299;NA;156;190;78.75;66.32;1028.49;2018.29;35.92;36.54;659.67;0;0;7.5;12.5;3;0;NA;9.17748868778281;21
26;15;BRISONr_110;2019;HAN;1;LN_NF;2;299;NA;157;196;71.25;49.43;619.49;1356.37;39.46;36.90;479.76;0.5;0;5;17.5;3;0;NA;9.76413288288288;25
14;17;BRISONr_80;2019;HAN;1;HN_WF;2;299;NA;157;196;81.25;82.78;1126.24;2065.37;44.37;47.80;539.73;0;0;0;1;0;0;NA;11.7175398633257;19
14;18;BRISONr_71;2019;HAN;1;HN_WF;2;299;NA;156;190;78.75;72.41;994.15;1912.59;39.17;37.40;674.66;0;0;0;3;5;0;NA;13.152934537246;38
14;19;BRISONr_38;2019;HAN;1;HN_WF;2;299;NA;156;196;83.75;79.31;1081.86;2004.05;36.82;37.49;554.72;0;0;0;1;3;0;NA;13.2255892255892;42
14;20;BRISONr_69;2019;HAN;1;HN_WF;2;299;NA;156;196;86.25;81.52;955.32;1841.08;38.62;38.88;569.72;0;0;0;1;3;0;NA;11.6272727272727;21
15;20;BRISONr_99;2019;HAN;1;HN_WF;2;299;NA;156;190;90;67.23;1175.41;2267.02;49.05;51.98;479.76;0;0;0;5;1;0;NA;12.272933182333;41
15;19;BRISONr_118;2019;HAN;1;HN_WF;2;299;NA;157;196;90;72.93;794.90;1587.71;40.26;39.94;464.77;0;0;0;3;5;0;NA;13.6628830874007;41
15;18;BRISONr_131;2019;HAN;1;HN_WF;2;299;NA;161;198;83.75;62.13;676.46;1471.81;44.53;44.15;404.80;0;0;0;5;5;0;NA;13.87899543379;41
15;17;BRISONr_143;2019;HAN;1;HN_WF;2;299;NA;156;196;83.75;69.13;847.98;1625.04;42.38;45.05;449.78;0;0;0;3;1;0;NA;12.8882554161916;46
16;17;BRISONr_20;2019;HAN;1;HN_WF;2;299;NA;161;198;68.75;64.40;1081.41;1973.46;36.64;39.54;629.69;0;0;0;0.5;0;0;NA;12.7142051860203;41
16;18;BRISONr_27;2019;HAN;1;HN_WF;2;299;NA;157;196;76.25;68.61;970.91;1860.57;37.13;38.44;554.72;0;0;0;3;0.5;0;NA;12.7996613995485;18
16;19;BRISONr_227;2019;HAN;1;HN_WF;2;299;NA;157;198;81.25;82.10;1746.48;3024.59;36.59;39.86;884.56;0;0;0;1;0.5;0;NA;11.5803167420814;31
16;20;BRISONr_153;2019;HAN;1;HN_WF;2;299;NA;157;190;91.25;65.35;990.70;2011.24;39.41;41.56;644.68;0.5;0;0;1;0.5;0;NA;13.6003382187148;55
17;20;BRISONr_166;2019;HAN;1;HN_WF;2;299;NA;156;196;92.5;68.02;855.17;1782.31;40.55;39.75;644.68;0;0;0;0.5;3;0;NA;12.7791619479049;25
17;19;BRISONr_213;2019;HAN;1;HN_WF;2;299;NA;157;196;77.5;70.71;604.35;1261.77;43.70;39.93;449.78;0.5;0;0;3;3;0;NA;13.2720588235294;50
17;18;BRISONr_145;2019;HAN;1;HN_WF;2;299;NA;161;198;81.25;69.65;663.42;1420.09;41.03;37.29;449.78;3;0;0;7.5;5;0;NA;13.5817361894025;58
17;17;BRISONr_221;2019;HAN;1;HN_WF;2;299;NA;161;198;83.75;73.22;723.54;1374.96;45.40;44.93;404.80;0;0;0;1;3;0;NA;12.3717660292463;44
18;17;BRISONr_126;2019;HAN;1;HN_WF;2;299;NA;156;196;78.75;68.61;1120.69;2217.09;40.14;42.35;659.67;0;0;0;3;3;0;NA;13.4538724373576;32
18;18;BRISONr_225;2019;HAN;1;HN_WF;2;299;NA;161;196;81.25;71.03;1263.42;2392.50;42.51;41.41;659.67;0;0;0;3;0.5;0;NA;12.4807474518686;45
18;19;BRISONr_164;2019;HAN;1;HN_WF;2;299;NA;157;196;83.75;66.09;856.22;1752.92;39.75;40.86;524.74;0;0;0;10;5;0;NA;13.0694915254237;35
18;20;BRISONr_169;2019;HAN;1;HN_WF;2;299;NA;156;196;85;65.77;1134.33;2263.27;40.22;39.01;629.69;0.5;0;0;5;0.5;0;NA;12.4044117647059;28
19;20;BRISONr_158;2019;HAN;1;HN_WF;2;299;NA;161;198;86.25;63.17;448.13;1106.00;39.54;35.57;404.80;0;0;0;7.5;3;0;NA;14.2647058823529;35
19;19;BRISONr_138;2019;HAN;1;HN_WF;2;299;NA;161;198;81.25;67.83;859.52;1934.18;40.95;40.12;659.67;0.5;0;0;3;0.5;0;NA;13.7528409090909;71
19;18;BRISONr_59;2019;HAN;1;HN_WF;2;299;NA;161;198;76.25;69.75;873.61;1716.94;41.36;43.53;494.75;0;0;0;3;1;0;NA;12.1821748878924;37
19;17;BRISONr_226;2019;HAN;1;HN_WF;2;299;NA;156;196;78.75;83.73;1213.04;2301.95;36.39;37.98;644.68;0;0;0.5;1;0;0;NA;11.72907239819;30
20;17;BRISONr_104;2019;HAN;1;HN_WF;2;299;NA;161;196;80;71.65;1265.97;2448.43;38.67;39.62;674.66;0.5;0;0;3;0;0;NA;12.3617381489842;33
20;18;BRISONr_47;2019;HAN;1;HN_WF;2;299;NA;156;196;78.75;71.05;708.25;1473.61;39.29;36.61;434.78;0.5;0;0;3;0;0;NA;12.1868686868687;50
20;19;BRISONr_121;2019;HAN;1;HN_WF;2;299;NA;156;196;81.25;67.24;1032.38;2002.10;38.85;39.93;584.71;0.5;0;0;3;0;0;NA;13.1729024943311;44
20;20;BRISONr_67;2019;HAN;1;HN_WF;2;299;NA;157;196;82.5;78.71;997.75;1999.40;39.45;35.48;599.70;0;0;0;3;3;0;NA;11.5866364665912;24
21;20;BRISONr_134;2019;HAN;1;HN_WF;2;299;NA;156;190;76.25;68.36;745.43;1543.33;39.06;40.23;524.74;0;0;0;3;0.5;0;NA;12.8083900226757;56
21;19;BRISONr_223;2019;HAN;1;HN_WF;2;299;NA;156;196;82.5;77.77;1066.42;1953.52;41.67;43.71;539.73;0;0;0;1;0;0;NA;10.7988108720272;27
21;18;BRISONr_207;2019;HAN;1;HN_WF;2;299;NA;157;198;78.75;69.45;670.01;1319.49;37.25;36.99;389.81;0.5;0;0;7.5;0;0;NA;12.7997737556561;49
21;17;BRISONr_50;2019;HAN;1;HN_WF;2;299;NA;157;196;77.5;73.82;775.26;1527.59;39.95;42.49;389.81;0.5;0;0;3;0;0;NA;12.1576576576577;40
22;17;BRISONr_176;2019;HAN;1;HN_WF;2;299;NA;156;190;96.25;64.21;1000.75;2222.04;43.80;45.99;644.68;0;0;0;1;0.5;0;NA;13.2246621621622;58
22;18;BRISONr_124;2019;HAN;1;HN_WF;2;299;NA;161;196;73.75;70.75;875.86;1869.57;39.37;39.25;584.71;0.25;0;0;0;0;0;NA;12.6613636363636;32
22;19;BRISONr_56;2019;HAN;1;HN_WF;2;299;NA;157;198;75;77.70;890.70;1693.85;37.55;38.94;479.76;0;0;0;5;3;0;NA;12.0757575757576;40
22;20;BRISONr_205;2019;HAN;1;HN_WF;2;299;NA;156;198;82.5;66.23;997.45;2074.66;37.26;33.42;599.70;0.5;0;0;7.5;0;0;NA;12.4751131221719;40
23;20;BRISONr_54;2019;HAN;1;HN_WF;2;299;NA;157;190;76.25;81.59;919.04;1703.30;39.45;40.07;509.75;0;0;0;3;0;0;NA;11.9391891891892;34
23;19;BRISONr_160;2019;HAN;1;HN_WF;2;299;NA;163;198;85;73.17;1013.04;2086.21;43.87;45.59;524.74;0;0;0;0.5;1;0;NA;13.2739571589628;42
23;18;BRISONr_188;2019;HAN;1;HN_WF;2;299;NA;157;190;76.25;71.50;929.54;1820.09;42.89;44.36;494.75;0;0;0;0.5;0;0;NA;13.2046485260771;46
23;17;BRISONr_96;2019;HAN;1;HN_WF;2;299;NA;156;198;77.5;79.91;1257.87;2369.42;42.58;43.69;569.72;0.25;0;0;1;0;0;NA;12.7463442069741;45
24;17;BRISONr_135;2019;HAN;1;HN_WF;2;299;NA;156;190;80;68.48;785.61;1675.26;44.22;46.00;419.79;1;0;0;5;1;0;NA;13.4920454545455;68
24;18;BRISONr_31;2019;HAN;1;HN_WF;2;299;NA;161;190;72.5;76.99;1053.37;2074.36;43.62;44.50;629.69;0;0;0;1;0.5;0;NA;11.9516853932584;28
24;19;BRISONr_162;2019;HAN;1;HN_WF;2;299;NA;161;198;80;63.66;1074.36;2274.36;43.31;44.41;614.69;0;0;0.5;3;0.5;0;NA;13.282412626832;38
24;20;BRISONr_26;2019;HAN;1;HN_WF;2;299;NA;156;190;82.5;74.22;881.71;1755.47;44.31;45.42;524.74;0;0;0;0.5;0.5;0;NA;12.0135287485908;35
25;20;BRISONr_92;2019;HAN;1;HN_WF;2;299;NA;157;190;78.75;74.68;937.18;1857.42;36.09;35.92;599.70;0.5;0;0;1;0.5;0;NA;12.4242081447964;23
25;19;BRISONr_228;2019;HAN;1;HN_WF;2;299;NA;157;198;81.25;82.64;1343.93;2471.06;44.16;45.24;749.63;0;0;0;0;2.5;0;NA;12.3253968253968;37
25;18;BRISONr_102;2019;HAN;1;HN_WF;2;299;NA;161;198;81.25;68.80;1028.49;2088.76;45.23;41.61;629.69;0;0;0;3;0.5;0;NA;12.6851642129105;48
25;17;BRISONr_114;2019;HAN;1;HN_WF;2;299;NA;163;198;85;68.15;909.45;1925.19;41.86;40.63;569.72;0;0;0;5;1;0;NA;12.9025085518814;31
26;17;BRISONr_222;2019;HAN;1;HN_WF;2;299;NA;161;190;73.75;82.04;818.89;1523.24;44.13;43.35;539.73;0;0;0;1;0.5;0;NA;11.9604519774011;42
26;18;BRISONr_150;2019;HAN;1;HN_WF;2;299;NA;161;200;80;65.62;995.05;2238.53;43.56;41.11;704.65;0;0;0;1;0.5;0;NA;13.4137542277339;40
26;19;BRISONr_110;2019;HAN;1;HN_WF;2;299;NA;161;198;78.75;65.40;1064.77;2243.93;42.06;41.77;704.65;0.5;0;0;0.5;0.25;0;NA;13.6188063063063;39
26;20;BRISONr_224;2019;HAN;1;HN_WF;2;299;NA;157;190;71.25;65.20;1095.05;2023.84;44.42;44.43;524.74;0;1;0;0.5;0.75;0;NA;12.2136414881623;53
